{
  "timeZone": "Asia/Tokyo",
  "dependencies": {},
  "executionApi": {
    "access": "ANYONE"
  },
  "webapp": {
    "access": "ANYONE",
    "executeAs": "USER_DEPLOYING"
  },
  "exceptionLogging": "STACKDRIVER",
  "runtimeVersion": "V8",
  "oauthScopes": [
    "https://www.googleapis.com/auth/gmail.readonly",
    "https://www.googleapis.com/auth/script.external_request",
    "https://www.googleapis.com/auth/drive",
    "https://www.googleapis.com/auth/spreadsheets",
    "https://www.googleapis.com/auth/userinfo.email"
  ]
}